"P13","P53","P55","P58","P109","P115","P157","P176","P177","P180","P196","P209","P211","P212","P217","P299","P326","P337","P340","P362","P365","P384","P387","P399","P431","P457","P458","P474","P487","P518","P579","P584","P587","P590","P594","P621","P624","P641","P643","P648","P657","P670","P694","P722","P731","P745","P750","class"
"V","K","K","T","L","V","T","D","K","M","M","K","Q","R","S","L","I","V","I","S","L","E","R","D","R","H","E","V","R","I","L","E","R","A","V","E","Q","E","V","V","S","I","K","V","I","A","I","Avian"
"I","K","K","T","L","V","T","N","K","I","M","K","Q","R","G","I","I","I","M","R","I","E","K","D","K","H","E","V","K","V","L","D","Q","V","V","D","R","D","V","V","S","I","K","V","V","S","I","Human"
"V","K","K","T","L","V","T","D","K","M","M","K","Q","R","S","L","I","V","V","S","L","E","K","D","R","H","E","V","R","I","L","E","R","A","V","E","Q","E","V","V","S","I","K","V","I","A","I","Avian"
"V","R","R","K","I","V","I","D","I","V","V","K","H","K","S","I","I","I","I","S","L","G","K","D","R","Y","A","L","R","V","I","D","R","A","V","E","Q","E","V","I","N","V","R","V","I","A","I","Human"
"V","K","I","T","I","V","T","D","K","M","M","K","Q","R","S","L","I","V","I","S","L","E","R","D","R","H","E","V","R","I","L","E","R","A","V","E","Q","E","V","V","S","I","K","V","I","A","I","Avian"
"I","K","R","T","L","V","T","N","K","I","M","K","Q","R","G","I","I","I","M","R","I","E","K","D","K","H","E","V","K","V","L","D","Q","V","V","D","R","D","V","V","S","I","K","V","V","S","I","Human"
"V","K","K","T","L","V","T","D","K","M","M","K","Q","R","S","L","I","V","I","S","L","E","R","D","R","H","E","V","R","I","L","E","R","A","V","E","Q","E","V","V","S","I","K","V","I","A","I","Avian"
"I","K","K","T","L","V","T","N","K","I","M","K","Q","R","G","I","I","I","M","R","I","E","K","D","K","H","E","V","K","V","L","D","Q","V","V","D","R","D","V","V","S","I","K","V","V","S","I","Human"
"V","K","K","T","L","V","T","D","K","M","M","K","Q","R","S","L","I","V","I","S","L","E","R","D","R","H","E","V","R","I","L","E","R","A","V","E","Q","E","V","V","S","I","K","V","I","A","I","Avian"
"I","K","K","T","L","V","T","N","K","I","M","K","Q","R","G","I","I","I","M","R","I","E","K","D","K","H","E","V","K","V","L","D","Q","V","V","D","R","D","V","V","S","I","K","V","V","S","I","Human"
"V","K","K","T","L","V","T","D","K","M","M","K","Q","R","S","L","I","V","I","S","L","E","R","D","R","H","E","V","R","I","L","E","R","A","V","E","Q","E","V","V","S","I","K","V","I","A","I","Avian"
"T","K","K","T","L","V","T","N","K","I","M","K","Q","R","G","I","I","I","M","R","I","E","K","D","K","H","E","V","K","V","L","D","Q","V","V","D","R","D","V","V","S","I","K","V","V","S","I","Human"
"V","K","K","T","L","V","T","D","K","M","M","K","Q","R","S","L","I","V","I","S","L","E","R","D","R","H","E","V","R","I","L","E","R","A","V","E","Q","E","V","V","S","I","K","V","I","A","I","Avian"
"I","R","K","T","L","V","T","N","K","I","M","K","Q","R","G","I","I","I","M","R","I","E","K","D","K","H","E","V","K","V","L","D","Q","V","V","D","R","D","V","V","S","I","K","V","V","S","I","Human"
"I","K","K","T","L","V","T","N","K","I","M","K","Q","R","G","I","I","I","M","R","I","E","K","D","K","H","E","V","K","V","L","D","Q","A","V","D","R","D","V","V","S","I","K","V","V","S","I","Avian"
"I","K","K","T","L","V","T","N","K","I","M","K","Q","R","G","I","I","I","M","R","I","E","K","D","K","H","E","V","K","V","L","D","Q","V","V","D","R","D","V","V","S","I","K","V","V","S","I","Human"
"V","K","K","T","L","V","T","D","K","M","M","K","Q","R","S","L","I","V","I","S","L","E","R","D","R","H","E","V","R","I","L","E","R","A","V","E","Q","E","V","V","C","I","K","V","I","A","I","Avian"
"I","K","K","T","L","V","T","N","K","I","M","K","Q","R","G","I","I","I","M","R","I","E","K","D","K","H","E","M","K","V","L","D","Q","V","V","D","R","D","V","V","S","I","K","V","V","S","I","Human"
"V","K","K","T","L","V","T","D","K","M","M","K","Q","R","S","L","I","V","I","S","L","E","R","D","R","H","E","V","R","I","L","E","R","A","V","E","Q","E","V","V","S","I","K","V","I","A","I","Avian"
"I","K","K","T","L","V","T","N","K","I","M","K","Q","R","G","I","I","I","M","R","I","E","K","D","K","H","E","V","K","V","L","D","Q","V","V","D","R","D","V","V","S","I","K","V","V","S","I","Human"
"V","K","K","T","L","V","T","D","K","M","M","K","Q","R","S","L","I","V","I","S","L","E","R","D","R","H","E","V","R","I","L","E","R","A","V","E","Q","E","V","V","S","I","K","V","I","A","I","Avian"
"I","K","K","T","L","V","T","N","K","I","M","K","Q","R","G","I","I","I","M","R","I","E","K","D","K","H","E","V","K","V","L","D","Q","V","V","D","R","D","V","V","S","I","K","V","V","S","I","Human"
"V","K","K","T","L","V","T","D","K","M","M","K","Q","R","S","L","I","V","V","S","L","E","K","D","R","H","E","V","R","I","L","E","R","A","V","E","Q","E","V","V","S","I","K","V","I","A","I","Avian"
"I","K","K","T","L","V","T","N","K","I","M","K","Q","R","G","I","I","I","M","R","I","E","K","D","K","H","E","V","K","V","L","D","Q","V","V","D","R","D","V","V","S","I","K","V","V","S","I","Human"
"V","R","K","I","L","V","T","D","K","M","M","K","Q","K","G","L","I","V","V","N","L","D","R","E","E","H","E","L","R","I","I","D","R","A","V","K","Q","E","V","V","T","V","K","V","I","A","I","Avian"
"V","R","R","K","I","V","I","D","R","V","V","K","H","K","S","I","I","I","I","S","L","D","K","D","R","Y","A","L","R","V","I","D","R","A","V","E","Q","E","V","I","N","V","R","V","I","A","I","Human"
"V","K","K","T","L","V","T","D","K","M","M","K","Q","R","S","L","I","V","I","S","L","E","R","D","K","H","E","V","R","I","L","E","R","A","V","E","Q","E","V","V","S","I","K","V","I","A","I","Avian"
"I","K","K","T","L","V","T","N","K","I","M","K","Q","R","G","I","I","I","M","R","I","E","K","D","K","H","E","V","K","V","L","N","Q","V","V","D","R","D","V","V","S","I","K","V","V","S","I","Human"
"V","K","K","T","L","V","T","D","K","M","M","K","Q","R","S","L","I","V","I","S","L","E","R","D","R","H","E","V","R","I","L","E","R","A","V","E","Q","E","V","V","S","I","K","V","I","A","I","Avian"
"I","K","K","T","L","V","T","N","K","I","M","K","Q","R","G","I","I","I","M","R","I","E","K","D","K","H","E","V","K","V","L","D","Q","V","V","D","R","D","V","V","S","I","K","V","V","S","I","Human"
"V","K","K","T","L","V","T","D","K","M","M","K","Q","R","S","L","I","V","I","S","L","E","R","D","R","H","E","V","R","I","L","E","R","A","V","E","Q","E","V","V","S","I","K","V","I","A","I","Avian"
"V","R","R","K","I","V","I","D","R","V","V","K","H","K","S","I","I","I","I","S","L","D","K","D","R","Y","A","L","R","V","I","D","R","A","V","E","Q","E","V","I","N","V","R","V","I","A","I","Human"
"V","K","K","T","L","V","T","D","K","V","M","K","Q","R","S","L","I","V","I","S","L","E","R","D","R","H","E","V","R","I","L","E","R","A","V","E","Q","E","V","V","S","I","K","V","I","A","I","Avian"
"I","K","K","T","L","V","T","N","K","I","M","K","Q","R","G","I","I","I","M","R","I","E","K","D","K","H","E","V","K","V","L","D","Q","V","V","D","R","D","V","V","S","I","K","V","V","S","I","Human"
"V","K","K","T","L","V","T","D","K","M","M","K","Q","R","S","L","I","V","I","S","L","E","R","D","R","H","E","V","R","I","L","E","R","A","V","E","Q","E","V","V","S","I","K","V","I","A","I","Avian"
"V","R","R","K","I","V","I","D","R","V","V","K","H","K","S","I","I","I","I","S","L","D","K","D","R","Y","A","L","R","V","I","D","R","A","V","E","Q","E","V","I","N","V","R","V","I","A","T","Human"
"V","K","K","T","L","V","T","D","K","M","M","K","Q","R","S","L","I","V","I","S","L","E","R","D","R","H","E","V","R","I","L","E","R","A","V","E","Q","E","V","V","S","I","K","V","I","A","I","Avian"
"I","K","K","T","L","V","T","N","K","I","M","K","Q","R","G","I","I","I","M","R","I","E","K","D","K","H","E","V","K","V","L","D","Q","V","V","D","R","D","V","V","S","I","K","V","V","S","I","Human"
"V","R","K","I","L","V","T","D","K","M","M","K","Q","K","G","L","I","V","V","N","L","D","R","E","E","H","D","L","R","I","I","D","R","A","V","R","Q","E","V","V","T","V","K","V","I","A","I","Avian"
"I","K","K","T","L","V","T","N","K","I","M","K","Q","R","G","I","I","I","M","R","I","E","K","E","K","H","E","V","K","V","L","D","Q","V","V","D","R","D","V","V","S","I","K","V","V","S","I","Human"
"V","K","K","T","L","V","T","D","K","M","M","K","Q","R","S","L","I","V","I","S","L","E","R","D","R","H","E","V","R","I","L","E","R","A","V","E","Q","E","V","V","S","I","K","V","I","A","I","Avian"
"V","K","R","T","I","V","T","K","K","M","M","R","Q","R","S","L","M","V","I","S","L","D","R","E","R","H","E","H","R","S","I","E","R","A","V","E","Q","E","M","M","N","I","R","V","I","T","I","Human"
"V","K","K","T","L","V","T","D","K","M","M","K","Q","R","S","L","I","V","I","S","L","E","R","D","R","H","E","V","R","I","L","E","R","A","V","E","Q","E","V","V","S","I","K","V","I","A","I","Avian"
"I","K","K","T","L","V","T","N","K","I","M","K","Q","R","G","I","I","I","M","R","I","E","K","D","K","H","E","V","K","V","L","D","Q","V","V","D","R","D","V","V","S","I","K","V","V","S","I","Human"
"V","K","K","T","L","V","T","D","K","M","M","K","Q","R","S","L","I","V","I","S","L","E","K","D","R","H","E","V","R","I","L","E","R","A","V","E","Q","E","V","V","S","I","K","I","I","A","I","Avian"
"I","K","K","T","L","V","T","N","K","I","M","K","Q","R","G","I","I","I","M","R","I","E","K","D","K","H","E","V","K","V","L","D","R","V","V","D","R","D","V","V","S","I","K","V","V","S","I","Human"
"V","K","R","T","L","V","T","D","K","M","M","K","Q","R","S","L","I","V","I","S","L","E","R","D","R","H","E","V","R","I","L","E","R","A","V","E","Q","E","V","V","S","I","K","V","I","A","I","Avian"
"V","R","R","K","I","V","I","D","R","V","V","K","H","K","S","I","I","I","I","S","L","D","K","D","R","Y","A","L","R","V","I","D","R","A","V","E","Q","E","V","I","N","V","R","V","I","A","I","Human"
"V","K","K","T","L","V","T","D","K","M","M","K","Q","R","S","L","I","V","I","S","L","E","R","D","K","H","E","V","R","I","L","E","R","A","V","E","Q","E","V","V","S","I","K","V","I","A","I","Avian"
"I","R","K","T","L","V","T","N","K","I","M","K","Q","R","G","I","I","I","M","R","I","E","K","D","K","H","E","V","K","V","L","D","Q","V","V","D","R","D","V","V","S","I","K","V","V","S","I","Human"
"V","K","R","T","L","V","T","D","K","M","M","K","Q","R","G","L","I","V","I","S","L","E","R","D","R","H","E","V","R","I","L","E","R","A","V","E","Q","E","V","V","S","I","K","V","I","A","I","Avian"
"I","K","K","T","L","V","T","N","K","I","M","K","Q","R","G","I","I","I","M","R","I","E","K","D","K","H","E","V","K","V","L","D","Q","V","V","D","R","D","V","V","S","I","K","V","V","S","I","Human"
"V","K","K","T","L","V","T","D","K","M","M","K","Q","R","S","L","I","V","I","S","L","D","R","D","R","H","E","V","R","I","L","E","R","A","V","E","R","E","V","V","S","I","K","V","I","A","I","Avian"
"I","K","K","T","L","V","T","N","K","I","M","K","Q","K","G","I","I","I","M","R","I","E","K","D","K","H","E","V","K","V","L","D","Q","V","V","D","R","D","V","V","S","I","K","V","V","S","I","Human"
"V","R","K","I","L","V","T","D","K","M","M","K","Q","K","G","L","I","V","V","N","L","D","R","E","E","H","E","L","R","I","I","D","R","A","V","K","Q","E","V","V","T","V","K","V","I","A","I","Avian"
"V","R","R","K","I","V","I","D","R","V","V","K","H","K","S","I","I","I","I","S","L","D","K","D","R","Y","A","L","R","V","I","D","R","A","V","E","Q","E","V","M","N","V","R","V","I","S","T","Human"
"V","R","K","M","L","V","T","D","K","M","M","K","Q","K","C","L","I","V","V","N","L","D","R","E","E","H","E","L","R","I","I","D","R","A","V","E","Q","E","V","V","T","V","K","V","I","A","I","Avian"
"V","R","R","K","I","V","I","D","R","V","V","K","H","K","S","I","I","I","I","S","L","D","K","D","R","Y","A","L","R","V","I","D","R","A","V","E","Q","E","V","M","N","V","R","V","I","A","T","Human"
"V","K","K","T","L","V","T","D","K","M","M","K","Q","R","S","L","I","V","I","S","L","E","R","D","R","H","E","V","R","I","L","E","R","A","V","E","Q","E","V","V","S","I","K","V","I","A","I","Avian"
"I","K","K","T","L","V","T","N","K","I","M","K","Q","R","G","I","I","I","M","R","I","G","K","D","K","H","E","V","K","V","L","D","Q","V","V","D","R","D","V","V","S","I","K","V","V","S","I","Human"
"V","K","K","T","L","V","T","D","K","M","M","K","Q","R","S","L","I","V","I","S","L","E","R","D","R","H","E","V","R","I","L","E","R","A","V","E","Q","E","V","V","S","I","K","V","I","A","I","Avian"
"I","K","K","T","L","V","T","N","K","I","M","K","Q","R","G","I","I","I","M","R","I","E","K","D","K","H","E","V","K","V","L","D","Q","V","V","D","R","D","V","V","S","I","K","V","V","S","I","Human"
"V","K","K","T","L","V","T","D","K","M","M","K","Q","R","S","L","I","V","I","S","L","E","R","D","R","H","E","V","R","I","L","E","R","A","V","E","Q","E","V","V","S","I","K","V","I","A","I","Avian"
"I","K","K","T","L","V","T","N","K","I","M","K","Q","R","G","I","I","I","M","R","I","E","K","D","K","H","E","V","K","V","L","D","Q","V","V","D","R","D","V","V","S","I","K","V","V","S","I","Human"
"V","K","K","T","L","V","T","D","K","M","M","K","Q","R","S","L","I","I","I","S","L","E","R","D","R","H","E","V","R","I","L","E","R","A","V","E","Q","E","V","V","S","I","K","V","I","A","I","Avian"
"I","K","K","T","L","A","T","N","K","I","M","K","Q","R","G","I","I","I","M","R","I","E","K","D","K","H","E","V","K","V","L","D","Q","V","V","D","R","D","V","V","S","I","K","V","V","S","I","Human"
"V","K","K","T","L","V","T","D","K","M","M","K","Q","R","S","L","I","V","I","S","L","E","R","D","R","H","E","V","R","I","L","E","R","A","V","E","Q","E","V","V","S","I","K","V","I","A","I","Avian"
"I","K","K","T","L","V","T","N","K","I","M","K","Q","R","G","I","I","I","M","R","I","E","K","D","K","H","E","V","K","V","L","D","Q","V","V","D","R","D","V","V","S","I","K","V","V","S","I","Human"
"V","K","K","T","L","V","T","D","K","M","M","K","Q","R","S","L","I","V","I","S","L","E","K","D","R","H","E","V","R","I","L","E","R","A","V","E","Q","E","V","V","S","I","K","V","I","A","I","Avian"
"V","R","R","K","I","V","I","D","R","V","V","K","H","K","S","I","I","I","I","S","L","D","K","D","R","Y","A","L","R","V","I","D","R","A","V","E","Q","E","V","M","N","V","K","V","I","A","T","Human"
"V","K","K","T","L","V","T","D","K","M","M","K","Q","R","S","L","I","V","I","S","L","E","R","D","K","H","E","V","R","I","L","E","R","A","V","E","Q","E","V","V","S","I","K","V","I","A","I","Avian"
"I","K","K","T","L","V","T","N","K","I","M","K","Q","R","G","I","I","I","M","R","I","E","K","D","K","H","E","V","K","V","L","D","Q","V","V","D","R","D","V","V","S","I","K","V","V","S","I","Human"
"V","R","K","I","L","V","T","D","K","M","M","K","Q","K","G","L","I","V","V","N","L","D","R","E","E","H","E","L","R","I","I","D","R","A","V","K","Q","E","V","V","T","V","K","V","I","A","I","Avian"
"I","K","K","T","L","V","T","N","K","I","M","K","Q","R","G","I","I","I","M","R","I","E","K","D","K","H","E","V","K","V","L","D","Q","V","V","D","R","D","V","V","S","I","K","V","V","S","I","Human"
"V","K","R","T","L","V","T","D","K","M","M","K","Q","R","S","L","I","V","I","S","L","E","R","D","K","H","E","V","R","I","L","E","R","A","V","E","Q","E","V","V","S","I","K","V","I","A","I","Avian"
"I","K","K","T","L","V","T","N","K","I","X","X","X","X","X","X","X","X","X","X","X","X","X","X","X","X","X","X","X","V","L","D","Q","V","V","D","R","D","V","V","S","I","K","V","V","S","I","Human"
"V","K","K","T","L","V","T","D","K","M","M","K","Q","R","S","L","I","V","I","S","L","E","R","D","R","H","E","V","R","I","L","E","R","A","V","E","Q","E","V","V","S","I","K","V","I","A","I","Avian"
"I","R","K","T","L","V","T","N","K","I","M","K","Q","R","G","I","I","I","M","R","I","E","K","D","K","H","E","V","K","V","L","D","Q","V","V","D","R","D","V","V","S","I","K","V","V","S","I","Human"
"V","K","K","T","L","V","T","D","K","M","M","K","Q","R","S","X","X","X","X","X","X","X","X","X","R","H","E","V","R","I","L","E","R","A","V","E","Q","E","V","V","S","I","K","V","I","A","I","Avian"
"I","K","K","T","L","V","T","N","K","I","M","K","Q","R","G","I","I","I","M","R","I","E","K","D","K","H","E","V","K","V","L","D","Q","V","V","D","R","D","V","V","S","I","K","V","V","S","I","Human"
"V","K","K","T","L","V","T","D","K","M","M","K","Q","R","S","L","I","V","I","S","L","E","R","D","R","H","E","V","R","I","L","E","R","A","V","E","Q","E","V","V","S","I","K","V","I","A","I","Avian"
"I","K","K","T","L","V","T","N","K","I","M","K","Q","R","G","I","I","I","M","R","I","E","K","D","K","H","E","V","K","V","L","D","Q","V","V","D","R","D","V","V","S","I","K","V","V","S","I","Human"
"I","K","K","T","L","V","T","N","K","I","M","K","Q","R","G","I","I","I","M","R","I","E","K","D","K","H","E","V","K","V","L","D","Q","V","V","D","R","D","V","V","S","I","K","M","V","S","I","Avian"
"I","K","K","T","L","V","T","N","K","I","M","K","Q","R","G","I","I","I","M","R","I","E","K","D","K","H","E","V","K","V","L","D","Q","G","V","D","R","D","V","V","S","I","K","V","V","S","I","Human"
"V","K","K","T","L","V","T","D","K","M","M","K","Q","R","S","L","I","V","I","S","L","E","R","D","R","H","E","V","R","I","L","E","R","A","V","E","Q","E","V","V","S","I","K","V","I","A","I","Avian"
"I","K","K","T","L","V","T","N","K","I","M","K","Q","R","G","I","I","I","M","R","I","E","K","D","K","H","E","V","K","V","L","D","Q","V","V","D","R","D","V","V","S","I","K","V","I","S","I","Human"
"V","K","K","T","L","V","T","D","K","M","M","K","Q","R","S","L","I","V","V","S","L","E","K","D","R","H","E","V","R","I","L","E","R","A","V","E","Q","E","V","V","S","I","K","V","I","A","I","Avian"
"I","K","K","T","L","V","T","N","K","I","M","K","Q","R","G","I","I","I","M","R","I","E","K","D","K","H","E","V","K","V","L","D","Q","V","V","D","R","D","V","V","S","I","K","V","V","S","I","Human"
"V","K","R","T","L","V","T","D","K","M","M","K","Q","R","S","L","I","V","I","S","L","E","R","D","R","H","E","V","R","I","L","E","R","A","V","E","Q","E","V","V","S","I","K","V","I","A","I","Avian"
"V","K","K","T","L","V","T","D","K","I","M","K","Q","R","S","L","I","I","M","R","L","E","R","D","K","H","E","V","K","I","L","D","Q","A","V","E","R","D","V","V","S","I","K","V","I","S","I","Human"
"V","K","K","T","L","V","T","D","K","I","M","K","Q","R","S","L","I","V","I","S","L","E","R","D","R","H","E","V","R","I","L","E","R","A","V","E","Q","E","V","V","S","I","K","V","I","A","I","Avian"
"V","R","R","K","I","V","I","D","R","V","V","K","H","K","S","I","I","I","I","S","L","D","K","D","R","Y","A","L","R","V","I","D","R","A","V","E","Q","E","V","I","N","V","R","V","I","A","I","Human"
"V","K","K","T","L","V","T","D","K","M","M","K","Q","R","S","L","I","V","I","S","L","E","R","D","R","H","E","V","R","I","L","E","R","A","V","E","Q","E","V","V","S","I","K","V","I","A","I","Avian"
"V","R","R","K","I","V","I","D","R","V","V","K","H","K","S","I","I","I","I","S","L","D","K","D","R","Y","A","L","R","V","I","D","R","A","V","E","Q","E","V","M","N","V","K","V","I","A","T","Human"
"V","K","K","T","L","V","T","D","K","M","M","K","Q","R","S","L","I","V","I","S","L","E","K","D","R","H","E","V","R","I","L","E","R","A","V","E","Q","E","V","V","S","I","K","V","I","A","I","Avian"
"I","K","K","T","L","V","T","N","K","I","M","K","Q","R","G","I","I","I","M","R","I","E","K","D","K","H","E","V","K","V","L","D","Q","V","V","D","R","D","V","V","S","I","K","V","V","S","I","Human"
"V","K","K","T","L","V","T","D","K","M","M","K","Q","R","S","I","I","V","I","S","L","E","R","D","R","H","E","V","R","I","L","E","R","A","V","E","Q","E","V","V","S","V","K","V","I","A","I","Avian"
"I","K","K","T","L","V","T","N","K","M","M","K","Q","R","G","I","I","I","M","R","I","E","K","D","K","H","E","V","K","V","L","D","Q","V","V","D","R","D","V","V","S","I","K","V","V","S","I","Human"
"V","K","K","T","L","V","T","D","K","M","M","K","Q","R","S","L","I","V","I","S","L","E","R","D","R","H","D","V","R","I","L","E","R","A","V","E","Q","E","V","V","S","I","K","V","I","A","I","Avian"
"I","K","K","T","L","V","T","N","K","I","M","K","Q","R","G","I","I","I","M","R","I","E","K","D","K","H","E","V","K","V","L","D","Q","V","V","D","R","D","V","V","S","I","K","V","V","S","I","Human"
"V","K","K","T","L","V","T","D","K","M","M","K","Q","R","S","L","I","V","I","S","L","E","R","D","R","H","E","V","R","I","L","E","R","A","V","E","Q","E","V","V","S","I","K","V","I","A","I","Avian"
"I","K","K","T","L","V","T","N","K","I","M","K","Q","R","G","I","I","I","M","R","I","E","K","D","K","H","E","V","K","V","L","D","Q","V","V","D","Q","D","V","V","S","I","K","V","V","S","I","Human"
"V","K","K","T","L","V","T","D","K","M","M","K","Q","R","S","L","I","V","I","S","L","E","R","D","R","H","E","V","R","I","L","E","R","A","V","E","Q","E","V","V","S","I","K","V","I","A","I","Avian"
"I","K","K","T","L","V","T","N","K","I","M","K","Q","R","G","I","I","I","M","R","I","E","K","D","K","H","E","V","K","V","L","D","Q","V","V","D","R","D","V","V","S","I","K","V","V","S","I","Human"
"V","K","K","I","L","V","T","D","K","M","M","K","Q","R","S","L","I","V","I","S","L","E","R","D","R","H","E","V","R","I","L","E","R","A","V","E","Q","E","V","V","S","I","K","V","I","A","I","Avian"
"I","K","K","T","L","V","T","N","K","I","M","K","Q","R","G","I","I","I","M","K","I","E","K","D","K","H","E","V","K","V","L","D","Q","V","V","D","R","D","V","V","S","I","K","V","V","S","I","Human"
"V","K","K","T","L","V","T","D","K","I","M","K","Q","R","S","L","I","V","I","S","L","E","R","D","R","H","E","V","R","I","L","E","R","A","V","E","Q","E","V","V","S","I","K","V","I","A","I","Avian"
"I","K","K","T","L","V","T","N","K","I","M","K","Q","R","G","I","I","I","M","R","I","E","K","D","K","H","E","V","K","V","L","D","Q","V","V","D","R","D","V","V","S","I","K","V","V","S","I","Human"
"V","K","K","T","L","V","T","D","K","M","M","K","Q","R","S","L","I","V","I","S","L","E","K","D","R","H","E","V","R","I","L","E","R","A","V","E","Q","E","V","V","S","I","K","V","I","A","I","Avian"
"I","K","K","T","L","V","T","N","K","I","M","K","Q","R","G","I","I","I","M","R","I","E","K","D","K","H","E","V","K","V","L","D","Q","V","V","D","R","D","V","V","S","I","K","V","V","S","I","Human"
"V","K","K","T","L","V","T","D","K","M","M","K","Q","R","S","L","I","V","I","S","L","E","R","D","R","H","E","V","R","I","L","E","R","A","V","E","Q","E","V","V","S","I","K","V","I","A","I","Avian"
"I","K","K","T","L","V","T","N","K","I","M","K","Q","R","G","I","I","I","M","R","I","E","K","D","K","H","E","V","K","V","L","D","Q","V","V","D","R","D","V","V","S","I","K","V","V","S","I","Human"
"V","K","K","T","L","V","T","D","K","M","M","K","Q","R","S","L","I","V","I","S","L","E","R","D","R","H","E","V","R","I","L","E","R","A","V","E","Q","E","V","V","S","I","K","V","I","A","I","Avian"
"V","R","R","T","L","V","T","D","K","M","I","K","Q","K","S","L","I","V","I","S","L","E","R","D","R","H","E","V","R","V","L","E","H","T","I","I","R","E","I","V","S","I","K","V","I","A","T","Human"
"V","K","K","T","L","V","T","D","K","M","M","K","Q","R","S","L","I","V","I","S","L","E","R","D","K","H","E","V","R","I","L","E","R","A","V","E","Q","E","V","V","S","I","K","V","I","A","I","Avian"
"V","R","R","K","I","V","M","D","K","I","V","K","Q","R","S","I","I","I","I","S","L","D","R","D","R","H","A","L","R","I","I","E","R","A","V","E","Q","E","V","M","N","V","R","V","I","T","I","Human"
"V","K","K","T","L","V","T","D","K","M","M","K","Q","R","S","L","I","V","I","S","L","E","R","D","R","H","E","V","R","I","L","E","R","A","V","E","Q","E","V","V","S","I","K","L","I","A","I","Avian"
"I","K","K","T","L","V","T","N","K","I","M","K","Q","R","G","I","I","I","M","R","I","E","K","D","K","H","E","V","K","V","L","D","Q","V","V","D","R","D","V","V","S","I","K","V","V","S","I","Human"
"V","K","K","T","L","V","T","D","K","I","M","K","Q","R","S","L","I","V","I","S","L","E","R","D","R","H","E","V","R","I","L","E","R","A","V","E","Q","E","V","V","S","I","K","V","I","A","I","Avian"
"I","K","K","T","L","V","T","N","K","I","M","K","Q","R","G","I","I","I","M","R","I","E","K","D","K","H","E","V","K","V","L","D","Q","V","V","D","R","D","V","V","S","I","K","V","V","S","I","Human"
"V","K","K","T","L","V","T","D","K","M","M","K","Q","R","S","L","I","V","I","S","L","E","K","D","R","H","E","V","R","I","L","E","R","A","V","E","Q","E","V","V","S","I","K","V","I","A","I","Avian"
"V","R","R","K","I","V","I","N","R","V","V","K","H","K","S","I","I","I","I","S","L","D","K","D","R","Y","A","L","R","V","I","D","R","A","V","E","Q","E","V","M","N","V","R","V","I","A","T","Human"
"V","K","K","T","L","V","T","D","K","M","M","K","Q","R","S","L","I","V","I","S","L","E","K","D","K","H","E","V","R","I","L","E","R","A","V","E","Q","E","V","V","S","I","K","V","I","A","I","Avian"
"I","K","K","T","L","V","T","N","K","I","M","K","Q","R","G","I","I","I","M","R","I","E","K","D","K","H","E","V","K","V","L","D","Q","V","V","D","R","D","V","V","S","I","K","V","V","S","I","Human"
"V","K","K","T","L","V","T","D","K","M","M","K","Q","R","S","L","I","V","I","S","L","E","R","D","R","H","E","V","R","I","L","E","R","A","V","E","Q","E","V","V","S","I","K","V","I","A","I","Avian"
"I","K","K","T","L","V","T","N","K","I","M","K","Q","R","G","I","I","I","M","R","I","E","K","D","K","H","E","V","K","V","L","D","Q","V","V","D","R","D","V","V","S","I","K","V","V","S","I","Human"
"V","K","K","T","L","V","T","D","K","I","M","K","Q","R","S","L","I","V","I","S","L","E","R","D","R","H","E","V","R","I","L","E","R","A","V","E","Q","E","V","V","S","I","K","V","I","A","I","Avian"
"I","K","K","T","L","V","T","N","K","I","M","K","Q","R","G","I","I","I","M","R","I","E","K","D","K","H","E","V","K","V","L","D","Q","V","V","D","R","D","V","V","S","I","K","V","V","S","I","Human"
"V","K","K","T","L","V","T","D","K","M","M","K","Q","R","S","L","I","V","I","S","L","E","R","D","K","H","E","V","R","I","L","E","R","A","V","E","Q","E","V","V","S","I","K","V","I","A","I","Avian"
"I","K","K","T","L","V","T","N","K","I","M","K","Q","R","G","I","I","I","M","R","I","E","K","D","K","H","E","V","K","V","L","D","Q","V","V","D","R","D","V","V","S","I","K","V","V","S","I","Human"
"V","K","K","T","L","V","T","D","K","M","M","K","Q","R","S","L","I","V","I","S","L","E","R","D","R","H","E","V","R","I","L","E","R","A","V","E","Q","E","V","V","S","I","K","V","I","A","I","Avian"
"I","K","K","T","L","V","T","N","K","I","M","K","Q","R","G","I","I","I","M","R","I","E","K","D","K","H","E","V","K","V","L","D","Q","V","V","D","R","D","V","V","S","I","K","V","V","S","I","Human"
"V","K","K","T","L","V","T","D","K","M","M","K","Q","R","S","L","I","V","I","S","L","E","R","D","R","H","E","V","R","I","L","E","R","A","V","E","Q","E","V","V","S","I","K","V","I","A","I","Avian"
"I","K","K","T","L","V","T","N","K","I","M","K","Q","R","G","I","I","I","M","R","I","E","K","D","K","H","E","V","K","V","L","D","Q","V","V","D","R","D","V","V","S","I","K","V","V","S","I","Human"
"V","K","K","T","L","V","T","D","K","M","M","K","Q","R","S","L","I","V","I","S","L","E","R","D","R","H","E","V","R","I","L","E","R","A","V","E","Q","E","V","V","S","I","K","V","I","A","I","Avian"
"I","K","K","T","L","V","T","N","K","I","M","K","Q","R","G","I","I","I","M","R","I","E","K","D","K","H","E","V","K","V","L","D","Q","V","V","D","R","D","V","V","S","I","K","V","V","S","I","Human"
"V","K","K","T","L","V","T","D","K","I","M","K","Q","R","S","L","I","V","I","S","L","E","R","D","R","H","E","V","R","I","L","E","R","A","V","E","Q","E","V","V","S","I","K","V","I","A","I","Avian"
"I","K","K","T","L","V","T","N","K","I","M","K","Q","R","G","I","I","I","M","R","I","E","K","D","K","H","E","V","K","V","L","D","Q","V","V","D","R","D","V","V","S","I","K","V","V","S","I","Human"
"V","K","K","T","L","V","T","D","K","M","M","K","Q","R","S","L","I","V","I","S","L","E","R","D","R","H","E","V","R","I","L","E","R","A","V","E","Q","E","V","V","S","I","K","V","I","A","I","Avian"
"I","K","K","T","L","V","T","N","K","I","M","K","Q","R","G","I","I","I","M","R","I","E","K","D","K","H","E","V","K","V","L","D","Q","V","V","D","R","D","V","V","S","I","K","V","V","S","I","Human"
"V","K","K","T","L","V","T","D","K","M","M","K","Q","R","S","L","I","V","I","S","L","E","R","D","K","H","E","V","R","I","L","E","R","A","V","E","Q","E","V","V","S","I","K","V","I","A","I","Avian"
"I","K","K","T","L","V","T","N","K","I","M","K","Q","R","G","I","I","I","M","R","I","E","K","D","K","H","E","V","K","V","L","D","Q","V","V","D","R","D","V","V","S","I","K","V","V","S","I","Human"
"V","K","K","T","L","V","T","D","K","M","M","K","Q","R","S","L","I","V","I","S","L","E","R","D","R","H","E","V","R","I","L","E","R","A","V","E","Q","E","V","V","S","I","K","V","I","A","I","Avian"
"V","R","R","K","I","V","I","D","R","V","V","K","H","K","S","I","I","I","I","S","L","D","K","D","R","Y","A","L","R","V","I","D","R","A","V","D","Q","E","V","I","N","V","R","V","I","A","I","Human"
"V","K","K","T","L","V","T","D","K","M","M","K","Q","R","S","L","I","V","I","S","L","E","R","D","R","H","E","V","R","I","L","E","R","A","V","E","Q","E","V","V","S","I","K","V","I","A","I","Avian"
"V","R","R","K","I","V","I","D","R","V","V","K","H","K","S","I","I","I","I","S","L","D","K","D","R","Y","A","L","R","V","I","D","R","A","V","E","Q","E","V","I","N","V","R","V","I","A","I","Human"
"V","K","K","T","L","V","T","D","K","M","M","K","Q","R","S","I","I","V","I","S","L","E","R","D","R","H","E","V","R","I","L","E","R","A","V","E","Q","E","V","V","S","V","K","V","I","A","I","Avian"
"I","K","R","T","L","V","T","N","K","I","M","K","Q","R","G","I","I","I","M","R","I","E","K","D","K","H","E","V","K","V","L","D","Q","V","V","D","R","D","V","V","S","I","K","V","V","S","I","Human"
"V","K","K","T","L","V","T","D","K","M","M","K","Q","R","N","L","I","V","I","S","L","E","R","D","R","H","E","V","R","I","L","E","R","A","V","E","Q","E","V","V","S","I","K","M","I","A","I","Avian"
"I","K","K","T","L","V","T","N","K","I","M","K","Q","R","G","I","I","I","M","R","I","E","K","D","K","H","E","V","K","V","L","D","Q","V","V","D","R","D","V","V","S","I","K","V","V","S","I","Human"
"V","K","K","T","L","V","T","D","K","M","M","K","Q","R","S","L","I","V","V","S","L","E","K","D","R","H","E","V","R","I","L","E","R","A","V","E","Q","E","V","V","S","I","K","V","I","A","I","Avian"
"I","K","K","T","L","V","T","N","K","I","M","K","Q","R","G","I","I","I","M","R","I","E","K","D","K","H","E","V","K","V","L","D","Q","V","V","D","R","D","V","V","S","I","K","V","V","S","I","Human"
"V","K","K","T","L","V","T","D","K","I","M","K","Q","R","S","L","I","V","I","S","L","E","R","D","R","H","E","V","R","I","L","E","R","A","V","E","Q","E","V","V","S","I","K","V","I","A","I","Avian"
"I","K","K","T","L","V","T","N","K","I","M","K","Q","R","G","I","I","I","M","R","I","E","K","D","K","H","E","V","K","V","L","D","Q","V","V","D","R","D","V","V","S","I","K","V","V","S","I","Human"
"I","K","K","T","L","V","T","N","K","I","M","K","Q","R","G","I","I","I","M","R","I","E","K","D","K","H","E","V","K","V","L","D","Q","V","V","D","R","D","V","V","S","I","K","M","V","S","I","Avian"
"I","K","K","T","L","V","T","N","K","I","M","K","Q","R","G","I","I","I","M","R","I","E","K","D","K","H","E","V","K","V","L","D","Q","V","V","D","R","D","V","V","S","I","K","V","V","S","I","Human"
"V","K","K","T","L","V","T","D","K","M","M","K","Q","R","G","L","I","V","I","S","L","E","R","D","R","H","E","V","R","I","L","E","R","A","V","E","Q","E","V","V","S","I","K","V","I","A","I","Avian"
"V","R","R","K","I","V","I","D","R","V","V","K","H","K","S","I","I","I","I","S","L","D","K","D","R","Y","A","L","R","V","I","D","R","A","V","E","Q","E","V","I","N","V","R","V","I","A","I","Human"
"V","K","K","T","L","V","T","D","K","M","M","K","Q","R","S","L","I","V","I","S","L","E","R","D","R","H","E","V","R","I","L","E","R","A","V","E","Q","E","V","V","S","I","K","V","I","A","I","Avian"
"I","K","K","T","L","V","T","N","K","I","M","K","Q","R","G","I","I","I","M","R","I","E","K","D","K","H","E","V","K","V","L","D","Q","V","V","D","R","D","V","V","S","I","K","V","V","S","I","Human"
"V","K","K","T","L","V","T","D","K","M","M","K","Q","R","S","L","I","V","I","S","L","E","R","D","R","H","E","V","R","I","L","E","R","A","V","E","Q","E","V","V","S","I","K","V","I","A","I","Avian"
"I","K","K","T","L","V","T","N","K","I","M","K","Q","R","G","I","I","I","M","R","I","E","K","D","K","H","E","V","K","V","L","D","Q","V","V","D","R","D","V","V","S","I","K","V","V","S","I","Human"
"V","R","K","I","L","V","T","D","K","M","M","K","Q","K","G","L","I","V","V","N","L","D","R","E","E","H","E","L","R","I","I","D","R","A","V","K","Q","E","V","V","T","V","K","V","V","A","I","Avian"
"V","R","R","K","I","V","M","D","K","M","V","K","Q","R","S","I","I","I","I","S","L","D","R","D","R","H","A","L","R","I","I","E","R","A","V","E","Q","E","V","M","N","V","R","V","I","T","I","Human"
"V","K","K","T","L","V","T","D","K","M","M","K","Q","R","S","L","I","V","I","S","L","E","R","D","R","H","E","V","R","I","L","E","R","A","V","E","Q","E","V","V","S","I","K","V","I","A","I","Avian"
"I","K","K","T","L","V","T","N","K","I","M","K","Q","R","G","I","I","I","M","K","I","E","K","D","K","H","E","V","K","V","L","D","Q","V","V","D","R","D","V","I","S","I","K","V","V","A","I","Human"
"V","Q","K","T","L","V","T","D","K","M","M","K","Q","R","S","L","I","V","I","S","L","E","R","D","R","H","E","V","R","I","L","E","R","A","V","E","Q","E","V","V","S","I","K","V","I","A","I","Avian"
"I","K","K","T","L","V","T","N","K","I","M","K","Q","R","G","I","I","I","M","R","I","E","K","D","K","H","E","V","K","V","L","D","Q","V","V","D","R","D","V","V","S","I","K","V","V","S","I","Human"
"V","K","K","T","L","V","T","D","K","M","M","K","Q","R","S","L","I","V","I","S","L","E","R","D","R","H","E","V","R","I","L","E","R","A","V","E","Q","E","V","V","S","I","K","V","I","A","I","Avian"
"I","R","K","T","L","V","T","N","K","I","M","K","Q","R","G","I","I","I","M","R","I","E","K","D","K","H","E","V","K","V","L","D","Q","V","V","D","R","D","V","V","S","I","K","V","V","S","I","Human"
"V","K","K","T","L","V","T","D","K","M","M","K","Q","R","S","L","I","V","I","S","L","E","R","D","R","H","E","V","R","I","L","E","R","A","V","E","Q","E","V","V","S","I","K","V","I","A","I","Avian"
"I","K","K","T","L","V","T","N","K","I","M","K","Q","R","G","I","I","I","M","R","I","E","K","D","K","H","E","V","K","V","L","D","Q","V","V","D","R","D","V","V","S","I","K","V","V","S","I","Human"
"V","K","K","T","L","V","T","D","K","M","M","K","Q","R","S","L","I","V","I","S","L","E","R","D","K","H","E","V","R","I","L","E","R","A","V","E","Q","E","V","V","S","I","K","V","I","A","I","Avian"
"I","K","K","T","L","V","T","N","K","I","M","K","Q","R","G","I","I","I","M","R","I","E","K","D","K","H","E","V","K","V","L","D","Q","V","V","D","R","D","V","V","S","I","K","V","V","S","I","Human"
"V","K","K","T","L","V","T","D","K","M","M","K","Q","R","S","L","I","V","I","S","L","E","R","D","R","H","E","V","R","V","L","E","R","A","V","E","Q","E","V","V","S","I","K","V","I","A","I","Avian"
"V","R","R","T","I","V","T","N","K","M","M","R","Q","K","S","L","M","V","I","S","L","G","R","E","R","H","E","L","R","I","I","E","R","A","V","E","Q","E","M","M","N","I","R","V","I","T","I","Human"
"V","K","K","T","L","V","T","D","K","M","M","K","Q","R","S","L","I","V","I","S","L","E","R","D","R","H","E","V","R","I","L","E","R","A","V","E","Q","E","V","V","S","I","K","V","I","A","I","Avian"
"I","K","K","T","L","V","T","N","K","I","M","K","Q","R","G","I","I","I","M","R","I","E","K","D","K","H","E","V","K","V","L","D","Q","V","V","D","R","D","V","V","S","I","K","V","V","S","I","Human"
"V","K","K","T","L","V","T","D","K","M","M","K","Q","R","S","L","I","V","I","S","L","E","K","D","R","H","E","V","R","I","L","E","R","A","V","E","Q","E","V","V","S","I","K","V","I","A","I","Avian"
"V","R","R","K","I","V","M","D","R","M","V","K","H","R","S","I","I","V","I","S","L","D","R","D","R","Y","A","L","R","I","I","D","R","T","V","E","Q","E","V","M","I","V","R","I","I","T","T","Human"
"V","K","K","T","L","V","T","D","K","M","M","K","Q","R","S","L","I","V","I","S","L","E","R","D","R","H","E","V","R","I","L","E","R","A","V","E","Q","E","V","V","S","I","K","I","I","A","I","Avian"
"I","K","K","T","L","V","T","N","K","I","M","K","Q","R","G","I","I","I","M","R","I","E","K","D","K","H","E","V","K","V","L","D","Q","V","V","D","R","D","V","V","S","I","K","V","V","S","I","Human"
"V","K","K","T","L","V","T","D","K","M","M","K","Q","R","S","L","I","V","I","S","L","E","R","D","K","H","E","V","R","I","L","D","R","A","V","E","Q","E","V","V","N","I","K","V","I","A","I","Avian"
"V","R","R","K","I","V","I","D","R","V","V","K","H","K","S","I","I","I","I","S","L","D","K","D","R","Y","A","L","R","V","I","D","R","A","V","E","Q","E","V","M","N","V","R","V","I","A","T","Human"
"V","K","K","T","L","A","T","D","K","M","M","K","Q","R","S","L","I","V","I","S","L","E","R","D","R","H","E","V","R","I","L","E","R","A","V","E","Q","E","V","V","S","I","K","I","I","A","I","Avian"
"I","K","K","T","L","V","T","N","K","I","M","K","Q","R","G","I","I","I","M","R","I","E","K","D","K","H","E","V","K","V","L","D","Q","V","V","D","R","D","V","V","S","I","K","V","V","S","I","Human"
"V","K","K","T","L","V","T","D","K","M","M","K","Q","R","S","L","I","V","I","S","L","E","R","D","K","H","E","V","R","I","L","E","R","A","V","E","Q","E","V","V","S","I","K","V","I","A","I","Avian"
"V","R","R","K","I","V","I","D","R","V","V","K","H","K","S","I","I","I","I","S","L","D","K","D","R","Y","A","L","R","V","I","D","R","A","V","E","Q","E","V","I","N","V","R","V","I","A","I","Human"
"V","K","K","T","L","V","T","G","K","M","M","K","Q","R","S","L","I","V","I","S","L","E","R","D","R","H","E","V","R","I","L","E","R","A","V","E","Q","E","V","V","S","I","K","V","I","A","I","Avian"
"V","R","I","K","I","V","I","D","R","V","V","K","H","K","S","I","I","I","I","S","L","D","K","D","R","Y","A","L","R","V","I","D","R","A","I","E","Q","E","V","M","N","V","R","V","I","A","T","Human"
"V","K","K","T","L","V","T","D","K","M","M","K","Q","R","S","L","I","V","I","S","L","E","R","D","R","H","E","V","R","I","L","E","R","A","V","E","Q","E","V","V","S","I","K","V","I","A","I","Avian"
"I","K","K","T","L","V","T","N","K","I","M","K","Q","R","G","I","I","I","M","R","I","E","K","D","K","H","E","V","K","V","L","D","Q","V","V","D","R","D","V","V","S","I","K","V","V","S","I","Human"
"V","K","K","T","L","V","T","D","K","M","M","K","Q","R","S","L","I","V","I","S","L","E","R","D","R","H","E","V","R","I","L","E","R","A","V","E","Q","E","V","V","S","I","K","V","I","A","I","Avian"
"I","K","K","T","L","V","T","N","K","I","M","K","Q","R","G","I","I","I","M","R","I","E","K","D","K","H","E","V","K","V","L","D","Q","V","V","D","R","D","V","V","S","I","K","V","V","S","I","Human"
"V","K","K","T","L","V","T","D","K","M","M","K","Q","R","S","L","I","V","I","S","L","E","R","D","R","H","E","V","R","I","L","E","R","A","V","E","Q","E","V","V","S","I","K","V","I","A","I","Avian"
"V","K","K","T","L","V","T","N","K","I","M","K","Q","R","G","I","I","I","M","R","I","E","K","D","K","H","E","V","K","V","L","D","Q","V","V","D","R","D","V","V","S","I","K","V","V","S","T","Human"
"I","K","K","T","L","V","T","N","K","I","M","K","Q","R","G","I","I","I","M","R","I","E","K","D","K","H","E","V","K","V","L","D","Q","V","V","D","R","D","V","V","S","I","K","V","V","S","I","Avian"
"I","K","K","T","L","V","T","N","K","I","M","K","Q","R","G","I","I","I","M","R","I","E","K","D","K","H","E","V","K","V","L","D","Q","V","V","D","R","D","V","V","S","I","K","V","V","S","I","Human"
"V","K","K","T","L","V","T","D","K","M","M","K","Q","R","S","L","I","V","I","S","L","E","R","D","R","H","E","V","R","I","L","E","R","A","V","E","Q","E","V","V","S","I","K","V","I","A","I","Avian"
"I","R","K","T","L","V","T","N","K","I","M","K","Q","R","G","I","I","I","M","R","I","E","K","D","K","H","E","V","K","V","L","D","Q","V","V","D","R","D","V","V","S","I","K","V","V","S","I","Human"
"V","K","K","T","L","V","T","D","K","M","M","K","Q","R","S","L","I","V","I","S","L","E","R","D","R","H","E","V","R","I","L","E","R","A","V","E","Q","E","V","V","S","I","K","V","I","A","I","Avian"
"I","K","K","T","L","V","T","N","K","I","M","K","Q","R","G","I","I","I","T","R","I","E","K","D","K","H","E","V","K","V","L","D","Q","V","V","D","R","D","V","V","S","I","K","V","V","S","I","Human"
"V","K","K","T","L","V","T","D","K","M","M","K","Q","R","S","L","I","V","I","S","L","E","R","D","R","H","E","V","R","I","L","E","R","A","V","E","Q","E","V","V","S","I","K","V","I","A","I","Avian"
"V","R","R","K","I","V","I","D","R","V","V","K","H","K","S","I","I","I","I","S","L","D","K","D","R","Y","A","L","R","V","I","D","H","A","V","E","Q","E","V","I","N","V","R","V","I","A","I","Human"
"V","K","K","T","L","V","T","D","K","M","M","K","Q","R","S","L","I","V","I","S","L","E","R","D","R","H","E","V","R","I","L","E","R","A","V","E","Q","E","V","V","S","I","K","V","I","A","I","Avian"
"V","R","R","K","I","V","I","D","R","V","V","K","H","K","S","I","I","I","I","S","L","D","K","D","R","Y","A","L","R","V","I","D","R","A","V","E","Q","E","V","M","N","V","R","V","I","A","T","Human"
"V","K","K","T","L","V","T","D","K","M","M","K","Q","R","S","L","I","V","I","S","L","E","R","D","R","H","E","V","R","I","L","E","R","A","V","E","Q","E","V","V","N","I","K","V","I","A","I","Avian"
"I","K","K","T","L","V","T","N","K","I","M","K","Q","K","G","I","I","I","M","R","I","E","K","D","K","H","E","V","K","V","L","D","Q","V","V","D","R","D","V","V","S","I","K","V","V","S","I","Human"
"V","K","K","T","L","V","A","D","K","M","M","K","Q","R","S","L","I","V","I","S","L","G","R","D","R","H","E","V","R","I","L","E","R","A","V","E","Q","E","V","V","S","I","K","V","I","A","I","Avian"
"I","K","K","T","L","V","T","N","K","I","M","K","Q","R","G","I","I","I","M","R","I","E","K","D","K","H","E","V","K","V","L","D","Q","V","V","D","R","D","V","V","S","I","K","V","V","S","I","Human"
"V","K","K","T","L","V","T","D","K","M","M","K","Q","R","S","L","I","V","I","S","L","E","R","D","R","H","E","V","R","I","L","E","R","A","V","E","Q","E","V","V","S","I","K","V","I","A","I","Avian"
"I","K","K","T","L","V","T","N","K","I","M","K","Q","R","G","I","I","I","M","R","I","E","K","D","K","H","E","V","K","V","L","D","Q","V","V","D","R","D","V","V","S","I","K","V","V","S","I","Human"
"V","K","K","T","L","V","T","D","K","M","M","K","Q","R","S","L","I","V","I","S","L","E","R","D","R","H","E","V","R","I","L","E","R","A","V","E","Q","E","V","V","S","I","K","V","I","A","I","Avian"
"V","R","R","K","I","V","I","D","R","V","V","K","H","K","S","I","I","I","I","S","L","D","K","D","R","Y","A","L","R","V","I","D","R","A","V","E","Q","E","V","M","N","V","R","V","I","A","T","Human"
"V","K","K","T","L","V","T","D","K","M","M","K","Q","R","S","L","I","V","I","S","L","E","R","D","K","H","E","V","R","I","L","E","R","A","V","E","Q","E","V","V","S","I","K","V","I","A","I","Avian"
"I","K","K","T","L","V","T","N","K","I","M","K","Q","K","G","I","I","I","M","R","I","E","K","D","K","H","E","V","K","V","L","D","Q","G","V","D","R","D","V","V","S","I","K","V","V","S","I","Human"
"V","K","K","T","L","V","T","D","K","M","M","K","Q","R","S","L","I","V","I","S","L","E","R","D","R","H","E","V","R","I","L","E","R","A","V","E","Q","E","V","V","S","I","K","V","I","A","I","Avian"
"V","K","K","I","L","I","T","D","K","M","M","K","Q","K","S","L","I","V","V","N","L","D","R","E","E","H","E","L","R","I","I","D","R","A","I","K","Q","E","V","V","T","V","K","V","I","A","I","Human"
"V","K","K","T","L","V","T","D","K","M","M","K","Q","R","S","L","I","V","I","S","L","E","K","D","R","H","E","V","R","I","L","E","R","A","V","E","Q","E","V","V","S","I","K","V","I","A","I","Avian"
"V","R","R","K","I","V","I","D","I","V","V","K","H","K","S","I","I","I","I","S","L","D","K","D","R","Y","A","L","R","V","I","D","R","A","V","E","Q","E","V","I","N","V","R","V","I","A","I","Human"
"V","K","K","T","L","V","T","D","K","M","M","K","Q","R","S","L","I","V","I","S","L","E","R","D","R","H","E","V","R","I","L","E","R","A","V","E","Q","E","V","V","S","I","K","V","I","A","I","Avian"
"V","R","R","K","I","V","I","D","R","V","V","K","H","K","S","I","I","I","I","S","L","D","K","D","R","Y","A","L","R","V","I","D","R","A","V","E","Q","E","V","I","N","V","R","V","I","A","I","Human"
"V","K","K","T","L","V","T","D","K","M","M","K","Q","R","S","L","I","V","I","S","L","E","R","D","R","Y","E","V","R","I","L","E","R","A","V","E","Q","E","V","V","S","I","K","V","I","A","I","Avian"
"I","K","K","T","L","V","T","N","K","I","M","K","Q","R","G","I","I","I","M","R","I","E","K","D","K","H","E","V","K","V","L","D","Q","V","V","D","R","D","V","V","S","I","K","V","V","S","I","Human"
"V","K","K","T","L","V","T","D","K","M","M","K","Q","R","S","L","I","V","I","S","L","E","R","D","K","H","E","V","R","I","L","D","R","A","V","E","Q","E","V","V","N","I","K","V","I","A","I","Avian"
"V","R","R","K","I","V","I","D","R","V","V","K","H","K","S","I","I","I","I","S","M","D","K","D","R","Y","A","L","R","V","I","D","R","A","V","E","Q","E","V","I","N","V","R","V","I","A","I","Human"
"V","K","K","T","L","V","T","D","K","M","M","K","Q","R","S","L","I","V","I","S","L","E","R","D","R","H","E","V","R","I","L","E","R","A","V","E","Q","E","V","V","S","I","K","V","I","A","I","Avian"
"I","K","K","T","L","V","T","N","K","I","M","K","Q","R","G","I","I","I","M","R","I","E","K","D","K","H","E","V","K","V","L","D","Q","V","V","D","R","D","V","V","S","I","K","V","V","S","I","Human"
"V","K","K","T","L","V","T","D","K","M","M","K","Q","R","S","L","I","V","V","S","L","E","K","D","R","H","E","V","R","I","L","E","R","A","V","E","Q","E","V","V","S","I","K","V","I","A","I","Avian"
"V","R","R","K","I","V","I","D","R","V","V","K","H","K","S","I","I","I","I","S","L","D","K","D","R","Y","A","L","R","V","I","D","R","A","V","E","Q","E","V","I","N","V","R","V","I","A","I","Human"
"V","K","K","T","L","V","T","D","K","M","M","K","Q","R","S","L","I","V","I","S","L","E","R","D","R","H","E","V","R","I","L","E","R","A","V","E","Q","E","V","V","S","I","K","V","I","A","I","Avian"
"V","R","R","K","I","V","I","D","R","V","V","K","H","K","S","I","I","I","I","S","L","D","K","D","R","Y","A","L","R","V","I","D","L","A","V","E","Q","E","V","M","N","V","R","V","I","A","T","Human"
"V","R","K","I","L","V","T","D","K","M","M","K","Q","K","G","L","I","V","V","N","L","D","R","E","E","H","D","L","R","I","I","D","R","A","V","R","Q","E","V","V","T","V","K","V","I","A","I","Avian"
"I","K","K","T","L","V","T","N","K","I","M","K","Q","R","G","I","I","I","M","R","I","E","K","D","K","H","E","V","K","V","L","D","Q","V","V","D","R","D","V","V","S","I","K","V","V","S","I","Human"
"V","K","K","T","L","V","T","D","K","M","M","K","Q","R","S","L","I","V","I","S","L","E","R","D","R","H","E","V","R","I","L","E","R","A","V","E","Q","E","V","V","S","I","K","V","I","A","I","Avian"
"I","K","K","T","L","V","T","N","K","I","M","K","Q","R","G","I","I","I","M","R","I","E","K","D","K","H","E","V","K","V","L","D","Q","V","V","D","R","D","V","V","S","I","K","V","V","S","I","Human"
"V","K","K","T","L","V","T","D","K","M","M","K","Q","R","S","L","I","V","I","S","L","E","R","D","R","H","E","V","R","I","L","E","R","A","V","E","Q","E","V","V","S","I","K","V","I","A","I","Avian"
"V","R","R","K","I","V","I","D","R","V","V","K","H","K","S","I","I","I","I","S","L","D","K","D","R","Y","A","L","R","V","I","D","R","A","V","E","Q","E","V","I","N","V","R","V","I","A","I","Human"
"V","K","K","T","L","V","T","D","K","M","M","K","Q","R","S","L","I","V","I","S","L","E","R","D","R","H","E","V","R","I","L","E","R","A","V","E","Q","E","V","V","S","I","K","V","I","A","I","Avian"
"I","K","K","T","L","V","T","N","K","I","M","K","Q","R","G","I","I","I","M","R","I","E","K","D","K","H","E","V","K","V","L","D","Q","V","V","D","R","D","V","V","S","I","K","V","V","S","I","Human"
"V","K","K","T","L","V","T","D","K","M","M","K","Q","R","S","L","I","V","I","S","L","E","R","D","R","H","E","V","R","I","L","E","R","A","V","E","Q","E","V","V","S","I","K","V","I","A","I","Avian"
"V","R","R","K","I","V","I","D","R","V","V","K","H","K","S","I","I","I","I","S","L","D","K","D","R","Y","A","L","R","V","I","D","R","A","V","E","Q","E","V","I","N","V","R","V","I","A","I","Human"
"V","K","K","T","L","V","T","D","K","M","M","K","Q","R","S","L","I","V","I","S","L","E","R","D","R","H","E","V","R","I","L","E","R","A","V","E","Q","E","V","V","S","I","K","V","I","A","I","Avian"
"I","K","K","T","L","V","T","N","K","I","M","K","Q","R","G","I","I","I","M","R","I","E","K","D","K","N","E","V","K","V","L","D","Q","V","V","D","R","D","V","V","S","I","K","V","V","S","I","Human"
"V","K","K","T","L","V","T","D","K","M","M","K","Q","R","S","L","I","V","I","S","L","E","R","D","R","H","E","V","R","I","L","E","R","A","V","E","Q","E","V","V","S","I","K","V","I","A","I","Avian"
"I","K","X","X","X","X","X","N","K","I","M","X","X","X","X","X","X","X","X","X","X","E","K","D","X","H","E","V","X","V","L","D","Q","G","I","D","R","D","V","V","S","I","X","V","I","S","I","Human"
"V","K","K","T","L","V","T","D","K","M","M","K","Q","R","S","L","I","V","I","S","L","E","R","D","R","H","E","V","R","I","L","E","R","A","V","E","Q","E","V","V","S","I","K","V","I","A","I","Avian"
"V","R","R","K","I","V","I","D","R","V","A","K","H","K","S","I","I","I","I","S","L","D","K","D","R","Y","A","L","R","V","I","D","R","A","V","E","Q","E","V","M","N","V","R","V","I","A","T","Human"
"V","K","K","T","L","V","T","D","K","M","M","K","Q","R","S","L","I","V","I","S","L","E","R","D","R","H","E","V","R","I","L","E","R","A","V","E","Q","E","V","V","S","I","K","V","I","A","I","Avian"
"I","K","K","T","L","V","T","N","K","I","M","K","Q","R","G","I","I","I","M","R","I","E","K","D","K","H","E","V","K","V","L","D","Q","V","V","D","R","D","V","V","S","I","K","V","V","S","I","Human"
"V","R","K","T","L","V","T","D","K","M","M","K","Q","R","S","L","I","V","I","S","L","E","R","D","R","H","E","V","R","I","L","E","R","A","V","E","Q","E","V","V","S","I","K","V","I","A","I","Avian"
"I","K","K","T","L","V","T","N","K","I","M","K","Q","R","G","I","I","I","M","R","I","E","K","D","K","H","E","V","K","V","L","D","Q","V","V","D","R","D","V","V","S","I","K","V","V","S","I","Human"
"V","K","K","T","L","V","T","D","K","M","M","K","Q","R","S","L","I","V","I","S","L","E","K","D","R","H","E","V","R","I","L","E","R","A","V","E","Q","E","V","V","S","I","K","V","I","A","I","Avian"
"V","R","R","T","I","V","T","D","K","M","V","R","Q","R","S","I","M","V","I","S","L","D","R","D","R","H","E","L","R","I","I","E","R","A","V","E","R","E","V","M","N","I","R","V","I","T","I","Human"
"V","K","K","T","L","V","T","D","K","M","M","K","Q","R","S","L","I","V","I","S","L","E","R","D","R","H","E","V","R","I","L","E","R","A","V","E","Q","E","V","V","S","I","K","V","I","A","I","Avian"
"I","K","K","T","L","V","T","N","K","I","M","K","Q","R","G","I","I","I","M","R","I","E","K","D","K","H","E","V","K","V","L","D","Q","V","V","D","R","D","V","V","S","I","K","V","V","S","I","Human"
"V","K","K","T","L","V","T","D","K","M","M","K","Q","R","S","L","I","V","I","S","L","E","R","D","R","H","E","V","R","I","L","E","R","A","V","E","Q","E","V","V","S","I","K","V","I","A","I","Avian"
"I","K","K","T","L","V","T","N","K","I","M","K","Q","R","G","I","I","I","M","R","I","E","K","D","K","H","E","V","K","V","L","D","Q","V","V","D","R","D","V","V","S","I","K","V","I","S","I","Human"
"V","K","K","T","L","V","T","D","K","M","M","K","Q","R","S","L","I","V","I","S","L","E","R","D","R","H","E","V","R","I","L","E","R","A","V","E","Q","E","V","V","S","I","K","V","I","A","I","Avian"
"I","K","K","I","L","V","T","N","K","I","M","K","Q","R","G","I","I","I","M","R","I","E","K","D","K","H","E","V","K","V","L","D","Q","V","V","D","R","D","V","V","S","I","K","V","V","S","I","Human"
"V","R","K","T","L","V","T","D","K","M","M","K","Q","R","S","L","I","V","I","S","L","E","R","D","R","H","E","V","R","I","L","E","R","A","V","E","Q","E","V","V","S","I","K","V","I","A","I","Avian"
"I","K","K","T","L","V","T","N","K","I","M","K","Q","R","G","I","I","I","M","R","I","E","K","D","K","H","E","V","K","V","L","X","Q","V","V","D","R","D","V","V","S","I","K","V","V","S","I","Human"
"V","K","K","T","L","V","T","D","K","M","M","K","Q","R","S","L","I","V","I","S","L","E","R","D","K","H","E","V","R","I","L","E","H","A","V","E","Q","E","V","V","S","I","K","V","I","A","I","Avian"
"I","K","K","T","L","V","T","N","K","I","M","K","Q","R","G","I","I","I","M","R","I","E","K","D","K","H","E","V","K","V","L","D","Q","V","V","D","R","D","V","V","S","I","K","V","V","S","I","Human"
"V","K","K","T","L","V","T","D","K","M","M","K","Q","R","S","L","I","V","I","S","L","E","R","D","R","H","E","V","R","I","L","E","R","A","V","E","Q","E","V","V","S","I","K","V","I","A","I","Avian"
"I","K","K","T","L","V","T","N","K","I","M","K","Q","R","G","I","I","I","M","R","I","E","K","D","K","H","E","V","K","V","L","D","Q","G","V","D","R","D","V","V","S","I","K","V","V","S","I","Human"
"V","K","K","T","L","V","T","D","K","M","M","K","Q","R","S","L","I","V","I","S","L","E","R","D","R","H","E","V","R","I","L","E","R","A","V","E","Q","E","V","V","S","I","K","V","I","A","I","Avian"
"I","K","K","T","L","V","T","N","K","I","M","K","Q","R","G","I","I","I","M","R","I","E","K","D","K","H","E","V","K","V","L","D","Q","V","V","D","R","D","V","V","S","I","K","V","V","S","I","Human"
"V","K","K","T","L","V","T","D","K","M","M","K","Q","R","S","L","I","V","V","S","L","E","K","D","R","H","E","V","R","I","L","E","R","A","V","E","Q","E","V","V","S","I","K","V","I","A","I","Avian"
"I","K","K","T","L","V","T","N","K","I","M","K","Q","R","G","I","I","I","M","R","I","E","K","D","K","H","E","V","K","V","L","D","Q","V","V","D","R","D","V","V","S","I","K","V","V","S","I","Human"
"V","K","K","T","L","V","T","D","K","M","M","K","Q","R","S","L","I","V","I","S","L","E","R","D","R","H","E","V","R","I","L","E","R","A","V","E","Q","E","V","V","S","I","K","V","I","A","I","Avian"
"V","R","R","K","I","V","I","D","R","V","V","K","H","K","S","I","I","V","I","S","L","D","K","D","R","Y","A","L","R","I","I","D","R","A","V","E","Q","E","V","I","N","V","R","V","I","A","I","Human"
"V","K","K","T","L","V","T","D","K","M","M","K","Q","R","S","L","I","V","I","S","L","E","K","D","R","H","E","V","R","I","L","E","R","A","V","E","Q","E","V","V","S","I","K","V","I","A","I","Avian"
"V","K","K","T","L","V","T","N","K","I","M","K","Q","R","G","I","I","I","M","R","I","E","K","D","K","H","E","V","K","V","L","D","Q","V","V","D","R","D","V","V","S","I","K","V","V","S","I","Human"
"V","K","K","T","L","V","T","D","K","M","M","K","Q","R","S","L","I","V","I","S","L","E","K","D","R","H","E","V","R","I","L","E","R","A","V","E","Q","E","V","V","S","I","K","V","I","A","I","Avian"
"V","R","R","K","I","V","I","D","R","V","V","K","H","K","S","I","I","I","I","S","L","D","K","D","R","H","A","L","R","V","I","D","R","A","V","E","Q","E","V","M","N","V","R","V","I","A","T","Human"
"V","K","K","T","L","V","T","D","K","M","M","K","Q","R","S","L","I","V","I","S","L","E","K","D","R","H","E","V","R","I","L","E","R","A","V","E","Q","E","V","V","S","I","K","V","I","A","I","Avian"
"I","K","K","T","L","V","T","N","K","I","M","K","Q","R","G","I","I","I","M","R","I","E","K","D","K","H","E","V","K","V","L","D","Q","V","V","D","R","D","V","V","N","I","K","V","V","S","I","Human"
"V","K","K","T","L","V","T","D","K","M","M","K","Q","R","S","L","I","V","I","S","L","E","R","D","R","H","E","V","R","I","L","E","R","A","V","E","Q","E","V","V","S","I","K","V","I","A","I","Avian"
"I","K","K","T","L","V","T","N","K","I","M","K","Q","R","G","I","I","I","M","R","I","E","K","D","K","H","E","V","K","V","L","D","Q","V","V","D","R","G","V","V","S","I","K","V","V","S","I","Human"
"V","K","K","T","L","V","T","D","K","M","M","K","Q","R","S","L","I","V","I","S","L","E","R","D","R","H","E","V","R","I","L","E","R","A","V","E","Q","E","V","V","S","I","K","V","I","A","I","Avian"
"V","R","R","K","I","V","I","D","R","V","V","K","H","K","S","I","I","I","I","S","L","D","K","D","R","Y","A","L","R","V","I","D","R","A","V","E","Q","E","V","I","N","V","R","V","I","A","T","Human"
"V","K","K","T","L","V","T","D","K","M","M","K","Q","R","S","L","I","V","I","S","L","E","R","D","R","H","E","V","R","I","L","E","R","A","V","E","Q","E","V","V","S","I","K","V","I","A","I","Avian"
"I","K","K","T","L","V","T","N","K","I","M","K","Q","R","G","I","I","I","M","R","I","E","K","D","K","H","E","V","K","V","L","D","Q","V","V","D","R","D","V","I","S","I","K","V","V","S","I","Human"
"V","K","K","T","L","V","T","D","K","M","M","K","Q","R","S","L","I","V","I","S","L","E","R","D","R","H","E","V","R","I","L","E","R","A","V","E","Q","E","V","V","S","I","K","V","I","A","I","Avian"
"I","K","K","T","L","V","T","N","K","X","X","X","X","X","G","X","X","X","X","R","I","E","K","D","K","H","E","V","K","V","L","D","Q","V","V","D","R","D","V","V","S","I","K","V","V","S","I","Human"
"V","K","K","T","L","V","T","D","K","M","M","K","Q","R","S","I","I","I","I","S","L","E","R","D","R","H","E","V","R","I","L","E","R","A","V","E","Q","E","V","V","S","I","K","V","I","A","I","Avian"
"I","K","K","T","L","V","T","N","K","I","M","K","Q","R","G","I","I","I","M","R","I","E","K","D","K","H","E","V","K","V","L","D","Q","V","V","D","R","D","V","V","S","I","K","V","V","S","I","Human"
"V","K","K","T","L","V","T","D","K","M","M","K","Q","R","S","L","I","V","I","S","L","E","R","D","R","H","E","V","R","I","L","E","R","A","V","E","Q","E","V","V","S","I","K","V","I","A","I","Avian"
"V","R","R","K","I","V","I","D","R","V","V","K","H","K","S","I","I","I","I","S","L","D","K","D","R","Y","A","L","R","V","I","D","R","A","V","E","Q","E","V","I","N","V","R","V","I","A","T","Human"
"V","K","K","T","L","V","T","D","K","M","M","K","Q","R","S","L","I","V","I","S","L","E","K","D","R","H","E","V","R","I","L","E","R","A","V","E","Q","E","V","V","S","I","K","V","I","A","I","Avian"
"I","K","K","T","L","V","T","N","K","I","M","K","Q","R","G","I","I","I","M","R","I","E","K","D","K","H","E","V","K","V","L","D","Q","V","V","D","R","D","V","A","S","I","K","V","V","S","I","Human"
"V","K","R","T","I","V","T","D","K","M","M","K","Q","R","S","L","I","V","I","S","L","E","R","D","R","H","E","V","R","I","L","E","R","A","V","E","Q","E","V","V","S","I","K","V","I","A","I","Avian"
"I","K","K","T","L","V","T","N","K","I","M","K","Q","R","G","I","I","I","M","R","I","E","K","D","K","H","E","V","K","V","L","D","Q","V","V","D","R","D","V","V","S","I","K","V","V","S","I","Human"
"V","K","K","T","L","V","T","D","K","M","M","K","Q","R","S","L","I","V","I","S","L","E","R","D","R","H","E","V","R","I","L","E","R","A","V","E","Q","E","V","V","S","I","K","V","I","A","I","Avian"
"I","K","K","T","L","V","T","N","K","I","M","K","Q","R","G","I","I","I","M","R","I","E","K","D","K","H","E","V","K","V","L","D","Q","V","V","D","R","D","V","V","S","I","K","V","V","S","I","Human"
"V","K","K","T","L","V","T","D","K","M","M","K","Q","R","S","L","I","V","I","S","L","E","R","D","R","H","E","V","R","I","L","E","R","A","V","E","Q","E","V","V","S","I","K","V","I","A","I","Avian"
"I","K","T","T","L","V","T","N","K","I","M","K","Q","R","G","I","I","I","M","R","I","E","K","D","K","H","E","V","K","V","L","D","Q","V","V","D","R","D","V","V","S","I","K","V","V","S","I","Human"
"V","K","K","T","L","V","T","D","K","M","M","K","Q","R","S","L","I","V","I","S","L","E","R","D","R","H","E","V","R","I","L","E","R","A","V","E","Q","E","V","V","S","I","K","V","I","A","I","Avian"
"I","K","K","T","L","V","T","N","K","I","M","K","Q","R","G","I","I","I","M","R","I","E","K","D","K","H","E","V","K","V","L","D","Q","V","V","D","R","D","V","V","S","I","K","V","V","S","I","Human"
"V","K","K","T","L","V","T","D","K","M","M","K","Q","R","S","L","I","I","I","S","L","E","R","D","R","H","E","V","R","I","L","E","R","A","V","E","Q","E","V","V","S","I","K","V","I","A","I","Avian"
"V","R","R","K","I","V","I","D","R","V","V","K","H","K","S","I","I","I","I","S","L","D","K","D","R","Y","A","L","R","V","I","D","R","A","V","E","Q","E","V","M","N","V","R","V","I","T","T","Human"
"V","K","K","T","L","V","T","D","K","M","M","K","Q","R","S","L","I","V","I","S","L","E","R","D","R","H","E","V","R","I","L","E","R","A","V","E","Q","E","V","V","S","I","K","V","I","A","I","Avian"
"I","K","K","T","L","V","T","N","K","I","M","K","Q","R","G","I","I","I","M","R","I","E","K","D","K","H","E","V","K","V","L","D","Q","V","V","D","R","D","V","V","S","I","K","V","V","S","I","Human"
"V","K","K","T","L","V","T","D","K","M","M","K","Q","R","N","L","I","V","I","S","L","E","R","D","R","H","E","V","R","I","L","E","R","A","V","E","Q","E","V","V","S","I","K","V","I","A","I","Avian"
"V","K","K","I","L","I","T","D","K","M","M","K","Q","K","S","L","I","V","V","N","L","D","R","E","E","H","E","L","R","I","I","D","R","A","I","K","Q","E","V","V","T","V","K","V","I","A","I","Human"
"I","K","K","T","L","V","T","D","K","M","M","K","Q","R","S","L","I","V","I","S","L","E","R","D","R","H","E","V","R","I","L","E","R","A","V","E","Q","E","V","V","S","I","K","V","I","A","I","Avian"
"I","K","K","T","L","V","T","N","K","I","M","K","Q","R","G","I","I","I","M","R","I","E","K","D","K","H","E","V","K","V","L","D","Q","V","V","D","R","D","V","V","S","I","K","V","V","S","I","Human"
"V","K","K","T","L","V","T","D","K","M","M","K","Q","R","S","L","I","V","V","S","L","E","K","D","R","H","E","V","R","I","L","E","R","A","V","E","Q","E","V","V","S","I","K","V","I","A","I","Avian"
"I","K","K","T","L","V","T","N","K","I","M","K","Q","R","G","I","I","I","M","R","I","E","K","D","K","H","E","V","K","V","L","D","Q","V","V","D","R","D","V","V","S","I","K","V","V","S","I","Human"
"V","K","K","T","L","V","T","D","K","M","M","K","Q","R","S","L","I","V","I","S","L","E","R","D","R","H","E","V","R","I","L","E","R","A","V","E","Q","E","V","V","S","I","K","V","I","A","I","Avian"
"V","R","R","K","I","V","I","D","R","V","V","K","H","K","S","I","I","I","I","S","L","D","K","D","R","Y","A","L","R","V","I","D","R","A","V","E","Q","E","V","M","N","V","R","V","I","S","T","Human"
"V","K","K","T","L","V","T","D","K","M","M","K","Q","R","S","L","I","V","I","S","L","E","R","D","K","H","E","V","R","I","L","E","R","A","V","E","Q","E","V","V","S","I","K","V","I","A","I","Avian"
"V","R","R","K","I","V","I","D","R","V","V","K","H","K","S","I","I","I","I","S","L","E","K","D","R","Y","A","L","R","V","I","D","R","A","V","E","Q","E","V","M","N","V","R","V","I","A","T","Human"
"V","K","K","T","L","V","T","D","K","M","M","K","Q","R","S","L","I","V","I","S","L","E","R","D","R","H","E","V","R","I","L","E","R","A","V","E","Q","E","V","V","S","I","K","V","I","A","I","Avian"
"V","K","K","T","L","V","T","N","K","I","M","K","Q","R","G","I","I","I","M","R","I","E","K","D","K","H","E","V","K","V","L","D","Q","V","V","D","R","D","V","V","S","T","K","V","V","S","I","Human"
"I","K","K","T","L","V","T","N","K","I","M","K","Q","R","G","I","I","I","M","R","I","E","K","D","K","H","E","V","K","V","L","D","Q","V","V","D","R","D","V","V","S","I","K","M","V","S","I","Avian"
"V","K","R","T","I","V","T","N","K","M","M","K","Q","R","S","L","M","V","I","S","L","D","R","E","R","H","E","L","R","I","I","E","R","A","V","E","Q","E","M","M","N","I","R","V","I","T","I","Human"
"V","K","K","T","L","V","T","D","K","M","M","K","Q","R","S","L","I","V","I","S","L","E","R","D","R","H","E","V","R","I","L","E","R","A","V","E","Q","E","V","V","S","I","K","V","I","A","I","Avian"
"V","R","K","I","L","V","T","D","K","M","M","K","Q","K","G","L","I","V","V","N","L","D","R","E","E","H","E","L","R","I","I","D","R","A","V","K","Q","E","V","V","T","V","K","V","I","A","I","Human"
"V","Q","K","T","L","V","T","D","K","M","M","K","Q","R","S","L","I","V","I","S","L","E","R","D","R","H","E","V","R","I","L","E","R","A","V","E","Q","E","V","V","S","I","K","V","I","A","I","Avian"
"I","K","K","T","L","V","T","N","K","I","M","K","Q","R","G","I","I","I","M","R","I","E","K","D","K","H","E","V","K","V","L","D","Q","V","V","D","R","D","V","V","S","I","K","V","V","S","I","Human"
"V","K","K","T","L","V","T","D","K","M","M","K","Q","R","S","L","I","V","I","S","L","E","R","D","R","H","E","V","R","I","L","E","R","A","V","E","Q","E","V","M","S","I","K","V","I","A","I","Avian"
"V","R","R","K","I","V","I","D","R","V","V","K","H","K","S","I","I","I","I","S","L","D","K","D","R","Y","A","L","R","V","I","D","R","A","V","E","Q","E","V","M","N","V","R","V","I","A","T","Human"
"V","K","K","T","L","V","T","D","K","M","M","K","Q","R","S","L","I","V","I","S","L","E","R","D","R","H","E","V","R","I","L","E","R","A","V","E","Q","E","V","V","S","I","K","V","I","A","I","Avian"
"I","K","K","T","L","V","T","N","K","I","M","K","Q","R","G","I","I","I","M","R","I","E","K","D","K","H","E","V","K","V","L","G","Q","V","V","D","R","D","V","V","S","I","K","V","V","S","I","Human"
"V","K","K","T","L","V","T","D","K","M","M","K","Q","R","S","L","I","V","I","S","L","E","R","D","R","H","E","V","R","I","L","E","R","A","V","E","Q","E","V","V","S","V","K","V","I","A","I","Avian"
"V","R","R","K","I","V","I","D","R","V","V","K","H","K","S","I","I","I","I","S","L","D","K","D","R","Y","A","L","R","V","I","D","R","A","V","E","Q","E","M","I","N","V","R","V","I","A","I","Human"
"V","K","K","T","L","V","T","D","K","M","M","K","Q","R","S","L","I","V","I","S","L","E","R","D","R","H","E","V","R","I","L","E","R","A","V","E","Q","E","V","V","S","I","K","V","I","A","I","Avian"
"I","K","K","T","L","V","T","N","K","I","M","K","Q","R","G","I","I","I","M","R","I","E","K","D","K","H","E","V","K","V","L","D","Q","V","V","D","R","D","V","V","S","I","K","V","V","S","I","Human"
"V","K","K","T","L","V","T","D","K","M","M","K","Q","R","S","L","I","V","I","S","L","E","R","D","K","H","E","V","R","I","L","E","R","A","V","E","Q","E","V","V","S","I","K","V","I","A","I","Avian"
"I","K","K","T","L","V","T","N","K","I","M","K","Q","R","G","I","I","I","M","R","I","E","K","D","K","H","E","V","K","V","L","D","Q","V","V","D","R","D","V","V","S","I","K","V","V","S","I","Human"
"V","K","K","T","L","V","T","D","K","M","M","K","Q","R","S","L","I","V","I","S","L","E","K","D","R","H","E","V","R","I","L","E","R","A","V","E","Q","E","V","V","S","I","K","V","I","A","I","Avian"
"I","K","K","T","L","V","T","N","K","I","M","K","Q","R","G","I","I","I","M","R","I","E","K","D","K","H","E","V","K","V","L","D","Q","V","V","D","R","D","V","V","S","I","K","V","V","S","I","Human"
"V","K","K","T","L","V","T","D","K","M","M","K","Q","R","S","L","I","V","I","S","L","E","R","D","R","H","E","V","R","I","L","E","R","A","V","E","Q","E","V","V","S","I","K","V","I","A","I","Avian"
"V","R","R","K","I","V","I","D","R","V","V","K","H","K","S","I","I","I","I","S","L","D","K","D","R","Y","A","L","R","V","I","D","R","A","V","E","Q","E","V","M","N","V","R","V","I","A","T","Human"
"V","K","K","T","L","V","T","D","K","M","M","K","Q","R","S","L","I","V","I","S","L","E","R","D","R","H","E","V","R","I","L","E","R","A","V","E","Q","E","V","V","S","I","K","V","I","A","I","Avian"
"I","K","K","T","L","V","T","N","K","I","M","K","Q","R","G","I","I","I","M","R","I","E","K","D","K","H","E","V","K","V","L","D","Q","V","V","D","R","D","V","V","G","I","K","V","V","S","I","Human"
"V","R","K","T","L","V","T","D","K","I","M","K","Q","R","S","L","I","V","I","S","L","E","K","D","R","H","E","V","R","I","L","E","R","A","V","E","Q","E","V","V","S","I","K","V","I","A","I","Avian"
"I","K","K","T","L","V","T","N","E","I","M","K","Q","R","G","I","I","I","M","R","I","E","K","D","K","H","E","V","K","V","L","D","Q","V","V","D","R","D","V","V","S","I","K","V","V","S","I","Human"
"V","K","K","T","L","V","T","D","K","M","M","K","Q","R","S","L","I","V","I","S","L","E","R","D","R","H","E","V","R","I","L","E","R","A","V","E","Q","E","V","V","S","I","K","V","I","A","I","Avian"
"I","K","K","T","L","V","T","N","K","I","M","K","Q","R","G","I","I","I","M","R","I","E","K","D","K","H","E","V","K","V","L","D","Q","V","V","D","R","D","V","V","S","I","K","V","V","S","I","Human"
